Workbook

Sheet ★계획★(여기에 작성 요망)
A1: 공지 | B1: 모든 내용이 평가계획서와 일치해야 합니다.
F2: 정기시험 | P2: 수행평가 | AA2: 성취평가 방식 | AB2: 수행평가 성취기준 점수 | AG2: 확인사항
F3: 중간고사 | K3: 기말고사 | P3: 유형선택 | Q3: 서논술형 | R3: 서논술형 | Z3: 학기말 반영비율 합계 (%) | AG3: 정기시험(서논술형) + 수행평가(서논술형) 학기말 반영 비율 (%)
A4: 학년 | B4: 과목명 | C4: 학점수 | D4: 작성자 | E4: 과목담당 전체교사명단 | F4: 선택형 | G4: 서논술형 | H4: 단답형 완성형 | I4: 합계 (점) | J4: 학기말 반영비율 (%) | K4: 선택형 | L4: 서논술형 | M4: 단답형 완성형 | N4: 합계 (점) | O4: 학기말 반영비율 (%) | P4: 영역명 | Q4: 단원별 핵심 개념 구조화를 통해 단계별 문제 해결하기 | R4: 수학 과제 탐구를 통한 실생활 문제 수학적으로 표현하기
P5: 평가시기(월) | Q5: 3~7 | R5: 4,6 | AB5: A/B | AC5: B/C | AD5: C/D | AE5: D/E | AF5: E/I
A6: 1 | B6: 공통수학1 | C6: 4 | D6: 정요한 | E6: 정요한, 김은상, 장재욱 | F6: 80 | G6: 10 | H6: 10 | I6: =SUM(F6:H6) -> 100 | J6: 30 | K6: 80 | L6: 10 | M6: 10 | N6: =SUM(K6:M6) -> 100 | O6: 30 | P6: 반영비율 (%) | Q6: 15 | R6: 25 | Z6: =SUM(P6:Y6) -> 40 | AA6: 추정분할 | AB6: 39 | AC6: 38 | AD6: 37 | AE6: 36 | AF6: 35 | AG6: =(J6*G6/100)+(O6*L6/100)+SUMPRODUCT((Q3:Y3="서논술형")*(Q6:Y6)) -> 46
Q7: 절대로 서식을 변경해서는 안됩니다~ 해당 셀에 입력만 해주세요~
A9: * [필수 수정 요망] 아래에 노란 영역에 메시지가 나오면 반드시 수정해야 합니다.
A10: =IF(C10<>"","▶ 수정 요망","") | C10: =IF(AND($A$6<>3,$B$6<>"",$C$6<=2,$Z$6<20)," => 2학점 이하인 과목은 반드시 [수행평가 총비율]이 20%이상이 되어야 하는데 현재(Z6셀)이 ["&$Z$6&"%]입니다.","")
A11: =IF(C11<>"","▶ 수정 요망","") | C11: =IF(AND($A$6<>3,$B$6<>"",$C$6>=3,$AG$6<30)," => 3학점 이상인 과목은 반드시 [지필평가의 서논술형+수행평가의 서논술형]이 30%이상이 되어야 하는데 현재(AG6셀)이 [" & $AG$6 & "%]입니다.","")
A12: =IF(C12<>"","▶ 수정 요망","") | C12: =IF(AND($A$6<>3,$B$6<>"",$C$6>=3,$Z$6<40)," => 3단위 이상인 과목은 반드시 [수행평가 총비율]이 40%이상이 되어야 하는데 현재(Z6셀)이 [" & $Z$6 & "%]입니다.","")
A13: =IF(C13<>"","▶ 수정 요망","") | C13: =IF(AND(B6<>"",AA6="")," => [성취평가 방식]을 입력(AA6셀)해 주세요.","")
A14: =IF(C14<>"","▶ 수정 요망","") | C14: =IF(Z6<>0, IF(OR(AB6="",AC6="", AD6="")," => 맨 우측부분의 [수행평가 성취기준 점수]를 입력(AB6~AE6셀)해 주세요.",""),"")

Sheet 예시
A1: 공지 | B1: 모든 내용이 평가계획서와 일치해야 합니다.
F2: 정기시험 | P2: 수행평가 | AA2: 성취평가 방식 | AB2: 수행평가 성취기준 점수 | AG2: 확인사항
F3: 중간고사 | K3: 기말고사 | P3: 유형선택 | Q3: 서논술형 | R3: 실험실습 | S3: 기타 | Z3: 학기말 반영비율 합계 (%) | AG3: 정기시험(서논술형) + 수행평가(서논술형) 학기말 반영 비율 (%)
A4: 학년 | B4: 과목명 | C4: 학점수 | D4: 작성자 | E4: 과목담당 전체교사명단 | F4: 선택형 | G4: 서논술형 | H4: 단답형 완성형 | I4: 합계 (점) | J4: 학기말 반영비율 (%) | K4: 선택형 | L4: 서논술형 | M4: 단답형 완성형 | N4: 합계 (점) | O4: 학기말 반영비율 (%) | P4: 영역명 | Q4: 물질의 규칙성과 결합 | R4: 도플러 효과 | S4: 우주의 나이
P5: 평가시기(월) | Q5: 4 | R5: 5 | S5: 6 | AB5: A/B | AC5: B/C | AD5: C/D | AE5: D/E | AF5: E/I
A6: 1 | B6: 공통과학 | C6: 3 | D6: 홍길동 | E6: 홍길동, 박길동 | F6: 60 | G6: 30 | H6: 10 | I6: =SUM(F6:H6) -> 100 | J6: 35 | K6: 60 | L6: 30 | M6: 10 | N6: =SUM(K6:M6) -> 100 | O6: 35 | P6: 반영비율 (%) | Q6: 10 | R6: 10 | S6: 10 | Z6: =SUM(P6:Y6) -> 30 | AA6: 추정분할 | AB6: 28 | AC6: 25 | AD6: 22 | AE6: 19 | AF6: 3 | AG6: =(J6*G6/100)+(O6*L6/100)+SUMPRODUCT((Q3:Y3="서논술형")*(Q6:Y6)) -> 31
A9: * [필수 수정 요망] 아래에 노란 영역에 메시지가 나오면 반드시 수정해야 합니다. (단, 예외 과목은 제외)
A10: =IF(C10<>"","▶ 수정 요망","")
A11: =IF(C11<>"","▶ 수정 요망","") -> ▶ 수정 요망 | C11: 3학점 이상인 과목은 반드시 [지필평가의 서논술형+수행평가의 서논술형]이 30%이상이 되어야 합니다.
A12: =IF(C12<>"","▶ 수정 요망","")
A13: =IF(C13<>"","▶ 수정 요망","") -> ▶ 수정 요망 | C13: [성취평가 방식(추정분할, 고정분할)]을 반드시 입력 되어야 합니다.
A14: =IF(C14<>"","▶ 수정 요망","") -> ▶ 수정 요망 | C14: 맨 우측부분의 [수행평가 성취기준 점수]를 입력해 주셔야 합니다.

Sheet 고사계참고용(작업금지)
A1: 공지 | B1: 모든 내용이 평가계획서와 일치해야 합니다.
F2: 지필평가 | P2: 수행평가 | AA2: 성취평가 방식 | AB2: 수행평가 성취기준 점수 | AG2: 확인사항
F3: 중간고사 | K3: 기말고사 | P3: 유형선택 | Q3: ='★계획★(여기에 작성 요망)'!Q3 -> 서논술형 | R3: ='★계획★(여기에 작성 요망)'!R3 -> 서논술형 | S3: ='★계획★(여기에 작성 요망)'!S3 -> 0 | T3: ='★계획★(여기에 작성 요망)'!T3 -> 0 | U3: ='★계획★(여기에 작성 요망)'!U3 -> 0 | V3: ='★계획★(여기에 작성 요망)'!V3 -> 0 | W3: ='★계획★(여기에 작성 요망)'!W3 -> 0 | X3: ='★계획★(여기에 작성 요망)'!X3 -> 0 | Y3: ='★계획★(여기에 작성 요망)'!Y3 -> 0 | Z3: 학기말 반영비율 합계 (%) | AG3: 지필평가(서논술형) + 수행평가(서논술형) 학기말 반영 비율 (%)
A4: 학년 | B4: 과목명 | C4: 단위수 | D4: 작성자 | E4: 과목담당 전체교사명단 | F4: 선택형 | G4: 서논술형 | H4: 단답형 완성형 | I4: 합계 (점) | J4: 학기말 반영비율 (%) | K4: 선택형 | L4: 서논술형 | M4: 단답형 완성형 | N4: 합계 (점) | O4: 학기말 반영비율 (%) | P4: 영역명 | Q4: =IF('★계획★(여기에 작성 요망)'!Q4<>"",'★계획★(여기에 작성 요망)'!Q4,"") -> 단원별 핵심 개념 구조화를 통해 단계별 문제 해결하기 | R4: =IF('★계획★(여기에 작성 요망)'!R4<>"",'★계획★(여기에 작성 요망)'!R4,"") -> 수학 과제 탐구를 통한 실생활 문제 수학적으로 표현하기 | S4: =IF('★계획★(여기에 작성 요망)'!S4<>"",'★계획★(여기에 작성 요망)'!S4,"") | T4: =IF('★계획★(여기에 작성 요망)'!T4<>"",'★계획★(여기에 작성 요망)'!T4,"") | U4: =IF('★계획★(여기에 작성 요망)'!U4<>"",'★계획★(여기에 작성 요망)'!U4,"") | V4: =IF('★계획★(여기에 작성 요망)'!V4<>"",'★계획★(여기에 작성 요망)'!V4,"") | W4: =IF('★계획★(여기에 작성 요망)'!W4<>"",'★계획★(여기에 작성 요망)'!W4,"") | X4: =IF('★계획★(여기에 작성 요망)'!X4<>"",'★계획★(여기에 작성 요망)'!X4,"") | Y4: =IF('★계획★(여기에 작성 요망)'!Y4<>"",'★계획★(여기에 작성 요망)'!Y4,"")
P5: 평가시기(월) | Q5: =IF('★계획★(여기에 작성 요망)'!Q5<>"",'★계획★(여기에 작성 요망)'!Q5,) -> 3~7 | R5: =IF('★계획★(여기에 작성 요망)'!R5<>"",'★계획★(여기에 작성 요망)'!R5,) -> 4,6 | S5: =IF('★계획★(여기에 작성 요망)'!S5<>"",'★계획★(여기에 작성 요망)'!S5,) -> 0 | T5: =IF('★계획★(여기에 작성 요망)'!T5<>"",'★계획★(여기에 작성 요망)'!T5,) -> 0 | U5: =IF('★계획★(여기에 작성 요망)'!U5<>"",'★계획★(여기에 작성 요망)'!U5,) -> 0 | V5: =IF('★계획★(여기에 작성 요망)'!V5<>"",'★계획★(여기에 작성 요망)'!V5,) -> 0 | W5: =IF('★계획★(여기에 작성 요망)'!W5<>"",'★계획★(여기에 작성 요망)'!W5,) -> 0 | X5: =IF('★계획★(여기에 작성 요망)'!X5<>"",'★계획★(여기에 작성 요망)'!X5,) -> 0 | Y5: =IF('★계획★(여기에 작성 요망)'!Y5<>"",'★계획★(여기에 작성 요망)'!Y5,) -> 0 | AB5: A/B | AC5: B/C | AD5: C/D | AE5: D/E
A6: ='★계획★(여기에 작성 요망)'!A6 -> 1 | B6: ='★계획★(여기에 작성 요망)'!B6 -> 공통수학1 | C6: ='★계획★(여기에 작성 요망)'!C6 -> 4 | D6: ='★계획★(여기에 작성 요망)'!D6 -> 정요한 | E6: ='★계획★(여기에 작성 요망)'!E6 -> 정요한, 김은상, 장재욱 | F6: ='★계획★(여기에 작성 요망)'!F6 -> 80 | G6: ='★계획★(여기에 작성 요망)'!G6 -> 10 | H6: ='★계획★(여기에 작성 요망)'!H6 -> 10 | ... O6: ='★계획★(여기에 작성 요망)'!O6 -> 30 | P6: 반영비율 (%) | Q6: =IF('★계획★(여기에 작성 요망)'!Q6<>"",'★계획★(여기에 작성 요망)'!Q6,) -> 15 | R6: =IF('★계획★(여기에 작성 요망)'!R6<>"",'★계획★(여기에 작성 요망)'!R6,) -> 25 | S6: =IF('★계획★(여기에 작성 요망)'!S6<>"",'★계획★(여기에 작성 요망)'!S6,) -> 0 | T6: =IF('★계획★(여기에 작성 요망)'!T6<>"",'★계획★(여기에 작성 요망)'!T6,) -> 0 | U6: =IF('★계획★(여기에 작성 요망)'!U6<>"",'★계획★(여기에 작성 요망)'!U6,) -> 0 | V6: =IF('★계획★(여기에 작성 요망)'!V6<>"",'★계획★(여기에 작성 요망)'!V6,) -> 0 | W6: =IF('★계획★(여기에 작성 요망)'!W6<>"",'★계획★(여기에 작성 요망)'!W6,) -> 0 | X6: =IF('★계획★(여기에 작성 요망)'!X6<>"",'★계획★(여기에 작성 요망)'!X6,) -> 0 | Y6: =IF('★계획★(여기에 작성 요망)'!Y6<>"",'★계획★(여기에 작성 요망)'!Y6,) -> 0 | Z6: ='★계획★(여기에 작성 요망)'!Z6 -> 40 | AA6: ='★계획★(여기에 작성 요망)'!AA6 -> 추정분할 | AB6: ='★계획★(여기에 작성 요망)'!AB6 -> 39 | AC6: ='★계획★(여기에 작성 요망)'!AC6 -> 38 | AD6: ='★계획★(여기에 작성 요망)'!AD6 -> 37 | AE6: ='★계획★(여기에 작성 요망)'!AE6 -> 36 | AF6: ='★계획★(여기에 작성 요망)'!AF6 -> 35 | AG6: ='★계획★(여기에 작성 요망)'!AG6 -> 46
P8: 수행평가 | R8: 학기말 반영비율 합계 (%) | S8: 성취평가방식 | T8: 수행평가 성취기준점수 | Y8: 서논술형 (지필+수행)
A9: [별도 엑셀 파일로 학습평가를 모으기 위함] | P9: 서논술형 | Q9: 그 외 유형 | T9: =AB5 -> A/B | U9: =AC5 -> B/C | V9: =AD5 -> C/D | W9: =AE5 -> D/E | X9: =AF5 -> 0
A10: =A6 -> 1 | B10: =B6 -> 공통수학1 | C10: =C6 -> 4 | D10: =D6 -> 정요한 | E10: =E6 -> 정요한, 김은상, 장재욱 | F10: =F6 -> 80 | G10: =G6 -> 10 | H10: =H6 -> 10 | ... O10: =O6 -> 30 | P10: =SUMPRODUCT((Q3:Y3="서논술형")*(Q6:Y6)) -> 40 | Q10: =SUMPRODUCT((Q3:Y3<>"서논술형")*(Q6:Y6)) -> 0 | R10: =Z6 -> 40 | S10: =AA6 -> 추정분할 | T10: =AB6 -> 39 | U10: =AC6 -> 38 | V10: =AD6 -> 37 | W10: =AE6 -> 36 | X10: =AF6 -> 35 | Y10: =AG6 -> 46
A14: [별도 엑셀 파일로 수행평가 영역명을 모으기 위함] | F14: 수행평가 | O14: 학기말 반영비율
A15: =A10 -> 1 | B15: =B10 -> 공통수학1 | C15: =C10 -> 4 | D15: =D10 -> 정요한 | E15: =E10 -> 정요한, 김은상, 장재욱 | F15: =IF(AND(Q3="서논술형",Q4<>""),"(★)"&Q4&"("&Q5&"월, "&Q6&"%)",IF(AND(Q3<>"서논술형",Q4<>""),Q4&"("&Q5&"월, "&Q6&"%)","")) -> (★)단원별 핵심 개념 구조화를 통해 단계별 문제 해결하기(3~7월, 15%) | G15: =IF(AND(R3="서논술형",R4<>""),"(★)"&R4&"("&R5&"월, "&R6&"%)",IF(AND(R3<>"서논술형",R4<>""),R4&"("&R5&"월, "&R6&"%)","")) -> (★)수학 과제 탐구를 통한 실생활 문제 수학적으로 표현하기(4,6월, 25%) | H15: =IF(AND(S3="서논술형",S4<>""),"(★)"&S4&"("&S5&"월, "&S6&"%)",IF(AND(S3<>"서논술형",S4<>""),S4&"("&S5&"월, "&S6&"%)","")) | I15: =IF(AND(T3="서논술형",T4<>""),"(★)"&T4&"("&T5&"월, "&T6&"%)",IF(AND(T3<>"서논술형",T4<>""),T4&"("&T5&"월, "&T6&"%)","")) | J15: =IF(AND(U3="서논술형",U4<>""),"(★)"&U4&"("&U5&"월, "&U6&"%)",IF(AND(U3<>"서논술형",U4<>""),U4&"("&U5&"월, "&U6&"%)","")) | K15: =IF(AND(V3="서논술형",V4<>""),"(★)"&V4&"("&V5&"월, "&V6&"%)",IF(AND(V3<>"서논술형",V4<>""),V4&"("&V5&"월, "&V6&"%)","")) | L15: =IF(AND(W3="서논술형",W4<>""),"(★)"&W4&"("&W5&"월, "&W6&"%)",IF(AND(W3<>"서논술형",W4<>""),W4&"("&W5&"월, "&W6&"%)","")) | M15: =IF(AND(X3="서논술형",X4<>""),"(★)"&X4&"("&X5&"월, "&X6&"%)",IF(AND(X3<>"서논술형",X4<>""),X4&"("&X5&"월, "&X6&"%)","")) | N15: =IF(AND(Y3="서논술형",Y4<>""),"(★)"&Y4&"("&Y5&"월, "&Y6&"%)",IF(AND(Y3<>"서논술형",Y4<>""),Y4&"("&Y5&"월, "&Y6&"%)","")) | O15: =Z6 -> 40
